municipio,id_unidade_gestora,codigo_ibge,populacao_2022
Abreu e Lima,1,2600054,98462
Afogados da Ingazeira,3,2600104,40241
Afrânio,8,2600203,18674
Agrestina,11,2600302,23779
Água Preta,15,2600401,26461
Águas Belas,19,2600500,41548
Alagoinha,23,2600609,13542
Aliança,26,2600708,35741
Altinho,28,2600807,20674
Amaraji,32,2600906,18205
Angelim,36,2601003,10241
Araçoiaba,771,2601052,19243
Araripina,40,2601102,85088
Arcoverde,47,2601201,77742
Barra de Guabiraba,51,2601300,12263
Barreiros,58,2601409,40121
Belém de Maria,60,2601508,10378
Belém de São Francisco,62,2601607,18301
Belo Jardim,66,2601706,79507
Betânia,71,2601805,11232
Bezerros,74,2601904,61694
Bodocó,80,2602001,34478
Bom Conselho,84,2602100,44294
Bom Jardim,88,2602209,37629
Bonito,91,2602308,37474
Brejão,96,2602407,9079
Brejinho,99,2602506,7720
Brejo da Madre de Deus,103,2602605,48648
Buenos Aires,109,2602704,12808
Buíque,112,2602803,52097
Cabo de Santo Agostinho,115,2602902,203440
Cabrobó,125,2603009,30294
Cachoeirinha,128,2603108,19899
Caetés,131,2603207,28827
Calçado,137,2603306,11093
Calumbi,141,2603405,5228
Camaragibe,144,2603454,147771
Camocim de São Félix,151,2603504,17419
Camutanga,156,2603603,7750
Canhotinho,158,2603702,24329
Capoeiras,162,2603801,18338
Carnaíba,166,2603900,18644
Carnaubeira da Penha,738,2603926,12239
Carpina,169,2604007,79293
Caruaru,172,2604106,378048
Casinhas,757,2604155,12967
Catende,182,2604205,32156
Cedro,185,2604304,10518
Chã de Alegria,189,2604403,12984
Chã Grande,194,2604502,20546
Condado,203,2604601,24587
Correntes,207,2604700,17131
Cortês,211,2604809,10198
Cumaru,214,2604908,15920
Cupira,217,2605004,23518
Custódia,220,2605103,37699
Dormentes,732,2605152,17188
Escada,224,2605202,59891
Exu,227,2605301,31843
Feira Nova,230,2605400,21427
Ferreiros,232,2605509,15026
Flores,235,2605608,20347
Floresta,238,2605707,30137
Frei Miguelinho,241,2605806,13636
Gameleira,243,2605905,18214
Garanhuns,247,2606002,142506
Glória do Goitá,251,2606101,29347
Goiana,253,2606200,81055
Granito,257,2606309,6967
Gravatá,260,2606408,86516
Iati,265,2606507,17165
Ibimirim,269,2606606,26593
Ibirajuba,274,2606705,7140
Igarassu,278,2606804,115196
Iguaracy,283,2606903,11081
Ilha de Itamaracá,306,2607604,24540
Inajá,286,2607000,25603
Ingazeira,291,2607109,4765
Ipojuca,293,2607208,98932
Ipubi,296,2607307,29009
Itacuruba,300,2607406,4284
Itaíba,302,2607505,32650
Itambé,309,2607653,34935
Itapetim,311,2607703,13791
Itapissuma,314,2607752,27749
Itaquitinga,317,2607802,16554
Jaboatão dos Guararapes,319,2607901,644037
Jaqueira,769,2607950,10247
Jataúba,331,2608008,15843
Jatobá,762,2608057,14020
João Alfredo,338,2608107,27725
Joaquim Nabuco,341,2608206,13269
Jucati,727,2608255,11517
Jupi,344,2608305,15329
Jurema,348,2608404,13648
Lagoa de Itaenga,352,2608503,19003
Lagoa do Carro,735,2608453,17981
Lagoa do Ouro,356,2608602,11933
Lagoa dos Gatos,354,2608701,14076
Lagoa Grande,754,2608750,24088
Lajedo,360,2608800,39582
Limoeiro,363,2608909,56510
Macaparana,366,2609006,23879
Machados,372,2609105,11333
Manari,764,2609154,23763
Maraial,375,2609204,9359
Mirandiba,377,2609303,14166
Moreilândia,640,2614303,10540
Moreno,380,2609402,55292
Nazaré da Mata,386,2609501,30648
Olinda,389,2609600,349976
Orobó,406,2609709,21808
Orocó,414,2609808,13613
Ouricuri,417,2609907,65245
Palmares,423,2610004,54584
Palmeirina,435,2610103,7031
Panelas,439,2610202,22991
Paranatama,444,2610301,12199
Parnamirim,451,2610400,18612
Passira,448,2610509,28340
Paudalho,454,2610608,56665
Paulista,456,2610707,342167
Pedra,462,2610806,22795
Pesqueira,465,2610905,62722
Petrolândia,469,2611002,34161
Petrolina,471,2611101,386791
Poção,480,2611200,10500
Pombos,483,2611309,27552
Primavera,488,2611408,13838
Quipapá,490,2611507,17928
Quixaba,744,2611533,6554
Recife,493,2611606,1488920
Riacho das Almas,544,2611705,20639
Ribeirão,551,2611804,33507
Rio Formoso,555,2611903,20009
Sairé,557,2612000,10887
Salgadinho,560,2612109,5727
Salgueiro,563,2612208,62372
Saloá,570,2612307,13836
Sanharó,573,2612406,18624
Santa Cruz,741,2612455,13841
Santa Cruz da Baixa Verde,724,2612471,11567
Santa Cruz do Capibaribe,576,2612505,98254
Santa Filomena,774,2612554,12106
Santa Maria da Boa Vista,579,2612604,40578
Santa Maria do Cambucá,582,2612703,14013
Santa Terezinha,584,2612802,10244
São Benedito do Sul,587,2612901,13113
São Bento do Una,591,2613008,49449
São Caetano,596,2613107,37126
São João,600,2613206,23837
São Joaquim do Monte,605,2613305,20037
São José da Coroa Grande,608,2613404,18825
São José do Belmonte,611,2613503,34843
São José do Egito,614,2613602,31004
São Lourenço da Mata,618,2613701,111249
São Vicente Ferrer,623,2613800,16677
Serra Talhada,626,2613909,92228
Serrita,631,2614006,18207
Sertânia,634,2614105,32811
Sirinhaém,638,2614204,37596
Solidão,646,2614402,5210
Surubim,649,2614501,64120
Tabira,653,2614600,27681
Tacaimbó,655,2614709,13738
Tacaratu,660,2614808,23902
Tamandaré,767,2614857,23561
Taquaritinga do Norte,665,2615003,24736
Terezinha,668,2615102,6513
Terra Nova,672,2615201,8920
Timbaúba,675,2615300,46147
Toritama,679,2615409,41137
Tracunhaém,682,2615508,13867
Trindade,685,2615607,30321
Triunfo,688,2615706,14705
Tupanatinga,691,2615805,26937
Tuparetama,698,2615904,8005
Venturosa,701,2616001,17251
Verdejante,705,2616100,9169
Vertente do Lério,751,2616183,7558
Vertentes,708,2616209,21959
Vicência,711,2616308,26359
Vitória de Santo Antão,715,2616407,134084
Xexéu,748,2616506,11611